[
  {
    "id": 688333,
    "account_number": "account257-596878",
    "type": "business",
    "owner": ["Mathew Franecki"],
    "balance": 267,
    "created_date": "2014-2-26 13:48:25"
  },
  {
    "id": 794194,
    "account_number": "account728-777598",
    "type": "company",
    "owner": ["Leticia Collier", "Arturo Cummings"],
    "balance": 436,
    "created_date": "2017-3-7 08:24:00"
  },
  {
    "id": 594299,
    "account_number": "account426-967726",
    "type": "company",
    "owner": ["Kimberly Aufderhar"],
    "balance": 1230,
    "created_date": "2013-12-27 16:17:21"
  },
  {
    "id": 657596,
    "account_number": "account101-463095",
    "type": "private",
    "owner": ["Emanuel Labadie", "Lynne Hand", "Allan Turcotte"],
    "balance": 712,
    "created_date": "2018-9-10 01:04:29"
  },
  {
    "id": 719654,
    "account_number": "account445-996214",
    "type": "company",
    "owner": ["Ms. Kent Homenick", "Johnnie Hegmann"],
    "balance": 790,
    "created_date": "2012-5-30 19:07:36"
  },
  {
    "id": 649996,
    "account_number": "account936-468800",
    "type": "business",
    "owner": ["Brent Little", "Dr. Ruben Herman", "Kellie Turner"],
    "balance": 17,
    "created_date": "2012-5-17 07:13:37"
  },
  {
    "id": 200231,
    "account_number": "account974-891407",
    "type": "student",
    "owner": ["Rosalie Krajcik", "Ollie Walsh"],
    "balance": 938,
    "created_date": "2017-8-15 20:36:02"
  },
  {
    "id": 115494,
    "account_number": "account685-810875",
    "type": "business",
    "owner": ["Pauline Rogahn", "Alison Orn"],
    "balance": 902,
    "created_date": "2017-7-24 08:31:24"
  },
  {
    "id": 515922,
    "account_number": "account34-371646",
    "type": "private",
    "owner": ["Mark Corwin", "Miss Emily Grady"],
    "balance": 472,
    "created_date": "2017-11-8 19:17:16"
  },
  {
    "id": 354165,
    "account_number": "account220-531105",
    "type": "company",
    "owner": ["Jan Morissette"],
    "balance": 1028,
    "created_date": "2014-2-7 05:01:56"
  },
  {
    "id": 930310,
    "account_number": "account929-629036",
    "type": "private",
    "owner": ["Kathryn Rodriguez V", "Charlotte Hand"],
    "balance": 990,
    "created_date": "2012-8-22 10:39:51"
  },
  {
    "id": 715243,
    "account_number": "account679-932890",
    "type": "business",
    "owner": ["Miss Hattie Batz", "Delia Ritchie"],
    "balance": 973,
    "created_date": "2016-4-2 16:10:14"
  },
  {
    "id": 506165,
    "account_number": "account924-61746",
    "type": "business",
    "owner": ["Matt Gerhold", "Melissa Powlowski", "Alberta Barrows"],
    "balance": 1171,
    "created_date": "2015-2-12 09:34:22"
  },
  {
    "id": 174846,
    "account_number": "account511-588714",
    "type": "student",
    "owner": ["Curtis Becker DDS", "Ms. Susie Mann"],
    "balance": 1126,
    "created_date": "2014-5-20 19:08:26"
  },
  {
    "id": 987655,
    "account_number": "account250-365155",
    "type": "company",
    "owner": ["Lynn Langworth", "Mack Lind"],
    "balance": 180,
    "created_date": "2015-9-23 16:26:50"
  }
]
