{
  "users": [
    {
      "id": 1,
      "first_name": "Carol-jean",
      "last_name": "Bardnam",
      "email": "cbardnam0@pagesperso-orange.fr",
      "gender": "Female",
      "last_ip_address": "189.235.73.208"
    },
    {
      "id": 2,
      "first_name": "Colene",
      "last_name": "Acaster",
      "email": "cacaster1@smugmug.com",
      "gender": "Female",
      "last_ip_address": "236.229.123.175"
    },
    {
      "id": 3,
      "first_name": "Harmony",
      "last_name": "Humbles",
      "email": "hhumbles2@alexa.com",
      "gender": "Female",
      "last_ip_address": "60.165.76.111"
    },
    {
      "id": 4,
      "first_name": "Tasha",
      "last_name": "Slaten",
      "email": "tslaten3@mapquest.com",
      "gender": "Female",
      "last_ip_address": "28.187.2.160"
    },
    {
      "id": 5,
      "first_name": "Oona",
      "last_name": "Wealthall",
      "email": "owealthall4@cnn.com",
      "gender": "Female",
      "last_ip_address": "164.54.70.45"
    },
    {
      "id": 6,
      "first_name": "Pren",
      "last_name": "Dunsire",
      "email": "pdunsire5@bigcartel.com",
      "gender": "Male",
      "last_ip_address": "28.130.254.138"
    },
    {
      "id": 7,
      "first_name": "Manda",
      "last_name": "Forsdike",
      "email": "mforsdike6@fc2.com",
      "gender": "Female",
      "last_ip_address": "245.172.252.233"
    },
    {
      "id": 8,
      "first_name": "Pattie",
      "last_name": "McAuslan",
      "email": "pmcauslan7@wikipedia.org",
      "gender": "Male",
      "last_ip_address": "235.244.88.101"
    },
    {
      "id": 9,
      "first_name": "Emylee",
      "last_name": "Fountian",
      "email": "efountian8@youtube.com",
      "gender": "Female",
      "last_ip_address": "135.126.188.50"
    },
    {
      "id": 10,
      "first_name": "Wes",
      "last_name": "Sorrel",
      "email": "wsorrel9@google.com.br",
      "gender": "Male",
      "last_ip_address": "205.113.27.143"
    },
    {
      "id": 11,
      "first_name": "Elmo",
      "last_name": "Caret",
      "email": "ecareta@liveinternet.ru",
      "gender": "Male",
      "last_ip_address": "67.78.89.145"
    },
    {
      "id": 12,
      "first_name": "Rourke",
      "last_name": "Gammel",
      "email": "rgammelb@elegantthemes.com",
      "gender": "Male",
      "last_ip_address": "136.42.104.243"
    },
    {
      "id": 13,
      "first_name": "Shalom",
      "last_name": "Izod",
      "email": "tizodc@wikispaces.com",
      "gender": "Male",
      "last_ip_address": "73.217.6.53"
    },
    {
      "id": 14,
      "first_name": "Welby",
      "last_name": "Melmoth",
      "email": "wmelmothd@vk.com",
      "gender": "Male",
      "last_ip_address": "250.14.60.100"
    },
    {
      "id": 15,
      "first_name": "Lemar",
      "last_name": "Ramlot",
      "email": "lramlote@imageshack.us",
      "gender": "Male",
      "last_ip_address": "119.23.9.109"
    },
    {
      "id": 16,
      "first_name": "Germayne",
      "last_name": "Hills",
      "email": "ghillsf@github.io",
      "gender": "Male",
      "last_ip_address": "114.91.52.12"
    },
    {
      "id": 17,
      "first_name": "Shanie",
      "last_name": "Hardington",
      "email": "shardingtong@ask.com",
      "gender": "Female",
      "last_ip_address": "181.245.106.99"
    },
    {
      "id": 18,
      "first_name": "Shalom",
      "last_name": "Goreisr",
      "email": "bgoreisrh@i2i.jp",
      "gender": "Male",
      "last_ip_address": "112.240.246.5"
    },
    {
      "id": 19,
      "first_name": "Margaretta",
      "last_name": "Huguet",
      "email": "mhugueti@hud.gov",
      "gender": "Female",
      "last_ip_address": "7.87.108.182"
    },
    {
      "id": 20,
      "first_name": "Gary",
      "last_name": "Barbour",
      "email": "gbarbourj@cornell.edu",
      "gender": "Male",
      "last_ip_address": "128.157.134.21"
    },
    {
      "id": 21,
      "first_name": "Grenville",
      "last_name": "Bursell",
      "email": "gbursellk@wikia.com",
      "gender": "Male",
      "last_ip_address": "245.18.118.91"
    },
    {
      "id": 22,
      "first_name": "Shalom",
      "last_name": "Deme",
      "email": "mdemel@topsy.com",
      "gender": "Female",
      "last_ip_address": "43.105.177.30"
    },
    {
      "id": 23,
      "first_name": "Erich",
      "last_name": "Flatte",
      "email": "eflattem@bravesites.com",
      "gender": "Male",
      "last_ip_address": "102.104.80.215"
    },
    {
      "id": 24,
      "first_name": "Shalom",
      "last_name": "Sherebrooke",
      "email": "ssherebrooken@vkontakte.ru",
      "gender": "Male",
      "last_ip_address": "56.186.90.90"
    },
    {
      "id": 25,
      "first_name": "Dorthea",
      "last_name": "Sanger",
      "email": "dsangero@paginegialle.it",
      "gender": "Female",
      "last_ip_address": "252.207.78.114"
    },
    {
      "id": 26,
      "first_name": "Calv",
      "last_name": "Sampey",
      "email": "csampeyp@4shared.com",
      "gender": "Male",
      "last_ip_address": "123.20.26.17"
    },
    {
      "id": 27,
      "first_name": "Alexi",
      "last_name": "Steanyng",
      "email": "asteanyngq@nymag.com",
      "gender": "Female",
      "last_ip_address": "212.226.24.143"
    },
    {
      "id": 28,
      "first_name": "Eadie",
      "last_name": "Parncutt",
      "email": "eparncuttr@zdnet.com",
      "gender": "Female",
      "last_ip_address": "25.179.141.60"
    },
    {
      "id": 29,
      "first_name": "Akim",
      "last_name": "Whannel",
      "email": "awhannels@infoseek.co.jp",
      "gender": "Male",
      "last_ip_address": "244.20.198.33"
    },
    {
      "id": 30,
      "first_name": "Tomasine",
      "last_name": "Ianittello",
      "email": "tianittellot@ameblo.jp",
      "gender": "Female",
      "last_ip_address": "207.237.192.198"
    },
    {
      "id": 31,
      "first_name": "Julissa",
      "last_name": "Ferrara",
      "email": "jferrarau@si.edu",
      "gender": "Female",
      "last_ip_address": "98.228.125.212"
    },
    {
      "id": 32,
      "first_name": "Merrill",
      "last_name": "Iuorio",
      "email": "miuoriov@nature.com",
      "gender": "Female",
      "last_ip_address": "167.160.227.17"
    },
    {
      "id": 33,
      "first_name": "Latrina",
      "last_name": "Brik",
      "email": "lbrikw@walmart.com",
      "gender": "Female",
      "last_ip_address": "146.153.211.223"
    },
    {
      "id": 34,
      "first_name": "Merrick",
      "last_name": "Kolyagin",
      "email": "mkolyaginx@geocities.com",
      "gender": "Male",
      "last_ip_address": "237.234.43.237"
    },
    {
      "id": 35,
      "first_name": "Haslett",
      "last_name": "Lindman",
      "email": "hlindmany@cdbaby.com",
      "gender": "Male",
      "last_ip_address": "60.28.197.172"
    },
    {
      "id": 36,
      "first_name": "Gabie",
      "last_name": "Mokes",
      "email": "gmokesz@blogspot.com",
      "gender": "Male",
      "last_ip_address": "13.5.221.213"
    },
    {
      "id": 37,
      "first_name": "Roobbie",
      "last_name": "Highman",
      "email": "rhighman10@cafepress.com",
      "gender": "Female",
      "last_ip_address": "115.126.30.66"
    },
    {
      "id": 38,
      "first_name": "Aluino",
      "last_name": "Strank",
      "email": "astrank11@wiley.com",
      "gender": "Male",
      "last_ip_address": "158.35.2.199"
    },
    {
      "id": 39,
      "first_name": "Margie",
      "last_name": "Huffa",
      "email": "mhuffa12@state.gov",
      "gender": "Female",
      "last_ip_address": "6.182.20.136"
    },
    {
      "id": 40,
      "first_name": "Pattie",
      "last_name": "Furlonge",
      "email": "pfurlonge13@typepad.com",
      "gender": "Male",
      "last_ip_address": "81.72.111.56"
    },
    {
      "id": 41,
      "first_name": "Barnett",
      "last_name": "Verson",
      "email": "bverson14@edublogs.org",
      "gender": "Male",
      "last_ip_address": "125.63.239.85"
    },
    {
      "id": 42,
      "first_name": "Eugenie",
      "last_name": "Dillicate",
      "email": "edillicate15@wikipedia.org",
      "gender": "Female",
      "last_ip_address": "150.229.55.2"
    },
    {
      "id": 43,
      "first_name": "Seka",
      "last_name": "Nutten",
      "email": "snutten16@biglobe.ne.jp",
      "gender": "Female",
      "last_ip_address": "137.237.214.155"
    },
    {
      "id": 44,
      "first_name": "Benji",
      "last_name": "Chillistone",
      "email": "bchillistone17@nytimes.com",
      "gender": "Male",
      "last_ip_address": "181.144.18.21"
    },
    {
      "id": 45,
      "first_name": "Shelley",
      "last_name": "Nisard",
      "email": "snisard18@addthis.com",
      "gender": "Male",
      "last_ip_address": "163.238.206.219"
    },
    {
      "id": 46,
      "first_name": "Torrie",
      "last_name": "Fermer",
      "email": "tfermer19@elegantthemes.com",
      "gender": "Female",
      "last_ip_address": "205.22.15.168"
    },
    {
      "id": 47,
      "first_name": "Nikos",
      "last_name": "Seaborn",
      "email": "nseaborn1a@mail.ru",
      "gender": "Male",
      "last_ip_address": "158.28.73.100"
    },
    {
      "id": 48,
      "first_name": "Cal",
      "last_name": "Dubarry",
      "email": "cdubarry1b@omniture.com",
      "gender": "Female",
      "last_ip_address": "127.91.155.89"
    },
    {
      "id": 49,
      "first_name": "Bartram",
      "last_name": "Lomath",
      "email": "blomath1c@freewebs.com",
      "gender": "Male",
      "last_ip_address": "46.142.140.107"
    },
    {
      "id": 50,
      "first_name": "Krissie",
      "last_name": "Abriani",
      "email": "kabriani1d@amazon.co.jp",
      "gender": "Female",
      "last_ip_address": "253.95.11.243"
    },
    {
      "id": 51,
      "first_name": "Nannette",
      "last_name": "Knudsen",
      "email": "nknudsen1e@patch.com",
      "gender": "Female",
      "last_ip_address": "52.70.149.162"
    },
    {
      "id": 52,
      "first_name": "Lamont",
      "last_name": "Searston",
      "email": "lsearston1f@mlb.com",
      "gender": "Male",
      "last_ip_address": "96.0.28.27"
    },
    {
      "id": 53,
      "first_name": "Zarah",
      "last_name": "Hanhard",
      "email": "zhanhard1g@omniture.com",
      "gender": "Female",
      "last_ip_address": "84.196.239.178"
    },
    {
      "id": 54,
      "first_name": "Minta",
      "last_name": "Juden",
      "email": "mjuden1h@yahoo.co.jp",
      "gender": "Female",
      "last_ip_address": "189.67.252.40"
    },
    {
      "id": 55,
      "first_name": "Bar",
      "last_name": "Dowell",
      "email": "bdowell1i@about.me",
      "gender": "Male",
      "last_ip_address": "141.222.25.16"
    },
    {
      "id": 56,
      "first_name": "Rozalie",
      "last_name": "Infante",
      "email": "rinfante1j@merriam-webster.com",
      "gender": "Female",
      "last_ip_address": "214.178.236.166"
    },
    {
      "id": 57,
      "first_name": "Luella",
      "last_name": "Tull",
      "email": "ltull1k@earthlink.net",
      "gender": "Female",
      "last_ip_address": "252.38.157.1"
    },
    {
      "id": 58,
      "first_name": "Tanny",
      "last_name": "Lawleff",
      "email": "tlawleff1l@about.me",
      "gender": "Male",
      "last_ip_address": "151.12.131.15"
    },
    {
      "id": 59,
      "first_name": "Rufe",
      "last_name": "Nias",
      "email": "rnias1m@nyu.edu",
      "gender": "Male",
      "last_ip_address": "66.180.181.198"
    },
    {
      "id": 60,
      "first_name": "Nils",
      "last_name": "Allington",
      "email": "nallington1n@printfriendly.com",
      "gender": "Male",
      "last_ip_address": "137.90.180.123"
    },
    {
      "id": 61,
      "first_name": "Micheil",
      "last_name": "Wiltsher",
      "email": "mwiltsher1o@samsung.com",
      "gender": "Male",
      "last_ip_address": "65.193.11.128"
    },
    {
      "id": 62,
      "first_name": "Vale",
      "last_name": "Gouinlock",
      "email": "vgouinlock1p@dmoz.org",
      "gender": "Male",
      "last_ip_address": "49.115.72.211"
    },
    {
      "id": 63,
      "first_name": "Anna-diane",
      "last_name": "Aldwich",
      "email": "aaldwich1q@bravesites.com",
      "gender": "Female",
      "last_ip_address": "3.205.65.239"
    },
    {
      "id": 64,
      "first_name": "Roseanne",
      "last_name": "Lambillion",
      "email": "rlambillion1r@woothemes.com",
      "gender": "Female",
      "last_ip_address": "147.173.19.126"
    },
    {
      "id": 65,
      "first_name": "Addison",
      "last_name": "Norvill",
      "email": "anorvill1s@jalbum.net",
      "gender": "Male",
      "last_ip_address": "130.168.72.119"
    },
    {
      "id": 66,
      "first_name": "Renaldo",
      "last_name": "Perring",
      "email": "rperring1t@phoca.cz",
      "gender": "Male",
      "last_ip_address": "66.168.105.47"
    },
    {
      "id": 67,
      "first_name": "Teodoor",
      "last_name": "Harlett",
      "email": "tharlett1u@pcworld.com",
      "gender": "Male",
      "last_ip_address": "224.228.84.20"
    },
    {
      "id": 68,
      "first_name": "Val",
      "last_name": "Smouten",
      "email": "vsmouten1v@springer.com",
      "gender": "Male",
      "last_ip_address": "220.182.65.111"
    },
    {
      "id": 69,
      "first_name": "Jacob",
      "last_name": "Adger",
      "email": "jadger1w@spiegel.de",
      "gender": "Male",
      "last_ip_address": "249.239.78.65"
    },
    {
      "id": 70,
      "first_name": "Astrix",
      "last_name": "Winkworth",
      "email": "awinkworth1x@census.gov",
      "gender": "Female",
      "last_ip_address": "64.232.64.144"
    },
    {
      "id": 71,
      "first_name": "Alexine",
      "last_name": "Sjollema",
      "email": "asjollema1y@phoca.cz",
      "gender": "Female",
      "last_ip_address": "237.244.59.72"
    },
    {
      "id": 72,
      "first_name": "Genna",
      "last_name": "Nunan",
      "email": "gnunan1z@yahoo.co.jp",
      "gender": "Female",
      "last_ip_address": "54.231.151.232"
    },
    {
      "id": 73,
      "first_name": "Keslie",
      "last_name": "Lysons",
      "email": "klysons20@springer.com",
      "gender": "Female",
      "last_ip_address": "34.246.112.52"
    },
    {
      "id": 74,
      "first_name": "Karlie",
      "last_name": "Winckle",
      "email": "kwinckle21@yellowpages.com",
      "gender": "Female",
      "last_ip_address": "83.74.98.10"
    },
    {
      "id": 75,
      "first_name": "Rik",
      "last_name": "Waber",
      "email": "rwaber22@icq.com",
      "gender": "Male",
      "last_ip_address": "110.106.219.155"
    },
    {
      "id": 76,
      "first_name": "Francyne",
      "last_name": "Magowan",
      "email": "fmagowan23@constantcontact.com",
      "gender": "Female",
      "last_ip_address": "37.225.191.101"
    },
    {
      "id": 77,
      "first_name": "Tyler",
      "last_name": "Mallall",
      "email": "tmallall24@wordpress.org",
      "gender": "Male",
      "last_ip_address": "12.115.15.42"
    },
    {
      "id": 78,
      "first_name": "Rodolph",
      "last_name": "Donnel",
      "email": "rdonnel25@istockphoto.com",
      "gender": "Male",
      "last_ip_address": "184.203.195.169"
    },
    {
      "id": 79,
      "first_name": "Courtenay",
      "last_name": "MacMaster",
      "email": "cmacmaster26@newsvine.com",
      "gender": "Female",
      "last_ip_address": "163.119.212.222"
    },
    {
      "id": 80,
      "first_name": "Dotty",
      "last_name": "Banasik",
      "email": "dbanasik27@lycos.com",
      "gender": "Female",
      "last_ip_address": "108.202.174.37"
    },
    {
      "id": 81,
      "first_name": "Gisela",
      "last_name": "Eddis",
      "email": "geddis28@ihg.com",
      "gender": "Female",
      "last_ip_address": "105.54.246.30"
    },
    {
      "id": 82,
      "first_name": "Agretha",
      "last_name": "Crack",
      "email": "acrack29@techcrunch.com",
      "gender": "Female",
      "last_ip_address": "232.143.44.33"
    },
    {
      "id": 83,
      "first_name": "Wilek",
      "last_name": "Le Estut",
      "email": "wleestut2a@gizmodo.com",
      "gender": "Male",
      "last_ip_address": "170.42.92.169"
    },
    {
      "id": 84,
      "first_name": "Gabie",
      "last_name": "Tooby",
      "email": "gtooby2b@microsoft.com",
      "gender": "Female",
      "last_ip_address": "47.242.84.206"
    },
    {
      "id": 85,
      "first_name": "Gaspard",
      "last_name": "Ambage",
      "email": "gambage2c@virginia.edu",
      "gender": "Male",
      "last_ip_address": "140.56.19.164"
    },
    {
      "id": 86,
      "first_name": "Gerda",
      "last_name": "Mease",
      "email": "gmease2d@patch.com",
      "gender": "Female",
      "last_ip_address": "80.174.254.63"
    },
    {
      "id": 87,
      "first_name": "Christel",
      "last_name": "Bertenshaw",
      "email": "cbertenshaw2e@skype.com",
      "gender": "Female",
      "last_ip_address": "120.0.247.170"
    },
    {
      "id": 88,
      "first_name": "Nels",
      "last_name": "Yuranovev",
      "email": "nyuranovev2f@wunderground.com",
      "gender": "Male",
      "last_ip_address": "200.163.18.74"
    },
    {
      "id": 89,
      "first_name": "Joete",
      "last_name": "Medway",
      "email": "jmedway2g@geocities.com",
      "gender": "Female",
      "last_ip_address": "137.240.177.209"
    },
    {
      "id": 90,
      "first_name": "Poul",
      "last_name": "Allbrook",
      "email": "pallbrook2h@businessweek.com",
      "gender": "Male",
      "last_ip_address": "18.4.224.152"
    },
    {
      "id": 91,
      "first_name": "Lazar",
      "last_name": "Fromont",
      "email": "lfromont2i@epa.gov",
      "gender": "Male",
      "last_ip_address": "247.243.249.178"
    },
    {
      "id": 92,
      "first_name": "Malissa",
      "last_name": "Aleksandrev",
      "email": "maleksandrev2j@businesswire.com",
      "gender": "Female",
      "last_ip_address": "82.36.242.169"
    },
    {
      "id": 93,
      "first_name": "Koressa",
      "last_name": "Giffon",
      "email": "kgiffon2k@apple.com",
      "gender": "Female",
      "last_ip_address": "37.188.142.135"
    },
    {
      "id": 94,
      "first_name": "Taryn",
      "last_name": "Houten",
      "email": "thouten2l@vk.com",
      "gender": "Female",
      "last_ip_address": "167.44.153.84"
    },
    {
      "id": 95,
      "first_name": "Bond",
      "last_name": "Gon",
      "email": "bgon2m@google.es",
      "gender": "Male",
      "last_ip_address": "230.68.100.159"
    },
    {
      "id": 96,
      "first_name": "Licha",
      "last_name": "Hurworth",
      "email": "lhurworth2n@wikipedia.org",
      "gender": "Female",
      "last_ip_address": "150.125.142.26"
    },
    {
      "id": 97,
      "first_name": "Claiborn",
      "last_name": "Leborgne",
      "email": "cleborgne2o@reverbnation.com",
      "gender": "Male",
      "last_ip_address": "126.200.159.191"
    },
    {
      "id": 98,
      "first_name": "Munroe",
      "last_name": "Kenan",
      "email": "mkenan2p@imageshack.us",
      "gender": "Male",
      "last_ip_address": "83.231.40.90"
    },
    {
      "id": 99,
      "first_name": "Henry",
      "last_name": "Calladine",
      "email": "hcalladine2q@accuweather.com",
      "gender": "Male",
      "last_ip_address": "147.190.159.235"
    },
    {
      "id": 100,
      "first_name": "Aileen",
      "last_name": "Newcomb",
      "email": "anewcomb2r@examiner.com",
      "gender": "Female",
      "last_ip_address": "224.205.36.114"
    },
    {
      "id": 101
    },
    {
      "first_name": "Aileen",
      "last_name": "Newcomb",
      "email": "anewcomb2r@examiner.com",
      "gender": "Female",
      "last_ip_address": "224.205.36.114",
      "id": 102
    }
  ]
}
